vhigh,vhigh,2,2,small,low,unacc,AAA111
vhigh,vhigh,2,2,small,med,unacc,AAA112
vhigh,vhigh,2,2,small,high,unacc,AAA113
vhigh,vhigh,2,2,med,low,unacc,AAA114
vhigh,vhigh,2,2,med,med,unacc,AAA115
vhigh,vhigh,2,2,med,high,unacc,AAA116
vhigh,vhigh,2,2,big,low,unacc,AAA117
vhigh,vhigh,2,2,big,med,unacc,AAA118
vhigh,vhigh,2,2,big,high,unacc,AAA119
vhigh,vhigh,2,4,small,low,unacc,AAA120
vhigh,vhigh,2,4,small,med,unacc,AAA121
vhigh,vhigh,2,4,small,high,unacc,AAA122
vhigh,vhigh,2,4,med,low,unacc,AAA123
vhigh,vhigh,2,4,med,med,unacc,AAA124
vhigh,vhigh,2,4,med,high,unacc,AAA125
vhigh,vhigh,2,4,big,low,unacc,AAA126
vhigh,vhigh,2,4,big,med,unacc,AAA127
vhigh,vhigh,2,4,big,high,unacc,AAA128
vhigh,vhigh,2,more,small,low,unacc,AAA129
vhigh,vhigh,2,more,small,med,unacc,AAA130
vhigh,vhigh,2,more,small,high,unacc,AAA131
vhigh,vhigh,2,more,med,low,unacc,AAA132
vhigh,vhigh,2,more,med,med,unacc,AAA133
vhigh,vhigh,2,more,med,high,unacc,AAA134
vhigh,vhigh,2,more,big,low,unacc,AAA135
vhigh,vhigh,2,more,big,med,unacc,AAA136
vhigh,vhigh,2,more,big,high,unacc,AAA137
vhigh,vhigh,3,2,small,low,unacc,AAA138
vhigh,vhigh,3,2,small,med,unacc,AAA139
vhigh,vhigh,3,2,small,high,unacc,AAA140
vhigh,vhigh,3,2,med,low,unacc,AAA141
vhigh,vhigh,3,2,med,med,unacc,AAA142
vhigh,vhigh,3,2,med,high,unacc,AAA143
vhigh,vhigh,3,2,big,low,unacc,AAA144
vhigh,vhigh,3,2,big,med,unacc,AAA145
vhigh,vhigh,3,2,big,high,unacc,AAA146
vhigh,vhigh,3,4,small,low,unacc,AAA147
vhigh,vhigh,3,4,small,med,unacc,AAA148
vhigh,vhigh,3,4,small,high,unacc,AAA149
vhigh,vhigh,3,4,med,low,unacc,AAA150
vhigh,vhigh,3,4,med,med,unacc,AAA151
vhigh,vhigh,3,4,med,high,unacc,AAA152
vhigh,vhigh,3,4,big,low,unacc,AAA153
vhigh,vhigh,3,4,big,med,unacc,AAA154
vhigh,vhigh,3,4,big,high,unacc,AAA155
vhigh,vhigh,3,more,small,low,unacc,AAA156
vhigh,vhigh,3,more,small,med,unacc,AAA157
vhigh,vhigh,3,more,small,high,unacc,AAA158
vhigh,vhigh,3,more,med,low,unacc,AAA159
vhigh,vhigh,3,more,med,med,unacc,AAA160
vhigh,vhigh,3,more,med,high,unacc,AAA161
vhigh,vhigh,3,more,big,low,unacc,AAA162
vhigh,vhigh,3,more,big,med,unacc,AAA163
vhigh,vhigh,3,more,big,high,unacc,AAA164
vhigh,vhigh,4,2,small,low,unacc,AAA165
vhigh,vhigh,4,2,small,med,unacc,AAA166
vhigh,vhigh,4,2,small,high,unacc,AAA167
vhigh,vhigh,4,2,med,low,unacc,AAA168
vhigh,vhigh,4,2,med,med,unacc,AAA169
vhigh,vhigh,4,2,med,high,unacc,AAA170
vhigh,vhigh,4,2,big,low,unacc,AAA171
vhigh,vhigh,4,2,big,med,unacc,AAA172
vhigh,vhigh,4,2,big,high,unacc,AAA173
vhigh,vhigh,4,4,small,low,unacc,AAA174
vhigh,vhigh,4,4,small,med,unacc,AAA175
vhigh,vhigh,4,4,small,high,unacc,AAA176
vhigh,vhigh,4,4,med,low,unacc,AAA177
vhigh,vhigh,4,4,med,med,unacc,AAA178
vhigh,vhigh,4,4,med,high,unacc,AAA179
vhigh,vhigh,4,4,big,low,unacc,AAA180
vhigh,vhigh,4,4,big,med,unacc,AAA181
vhigh,vhigh,4,4,big,high,unacc,AAA182
vhigh,vhigh,4,more,small,low,unacc,AAA183
vhigh,vhigh,4,more,small,med,unacc,AAA184
vhigh,vhigh,4,more,small,high,unacc,AAA185
vhigh,vhigh,4,more,med,low,unacc,AAA186
vhigh,vhigh,4,more,med,med,unacc,AAA187
vhigh,vhigh,4,more,med,high,unacc,AAA188
vhigh,vhigh,4,more,big,low,unacc,AAA189
vhigh,vhigh,4,more,big,med,unacc,AAA190
vhigh,vhigh,4,more,big,high,unacc,AAA191
vhigh,vhigh,5more,2,small,low,unacc,AAA192
vhigh,vhigh,5more,2,small,med,unacc,AAA193
vhigh,vhigh,5more,2,small,high,unacc,AAA194
vhigh,vhigh,5more,2,med,low,unacc,AAA195
vhigh,vhigh,5more,2,med,med,unacc,AAA196
vhigh,vhigh,5more,2,med,high,unacc,AAA197
vhigh,vhigh,5more,2,big,low,unacc,AAA198
vhigh,vhigh,5more,2,big,med,unacc,AAA199
vhigh,vhigh,5more,2,big,high,unacc,AAA200
vhigh,vhigh,5more,4,small,low,unacc,AAA201
vhigh,vhigh,5more,4,small,med,unacc,AAA202
vhigh,vhigh,5more,4,small,high,unacc,AAA203
vhigh,vhigh,5more,4,med,low,unacc,AAA204
vhigh,vhigh,5more,4,med,med,unacc,AAA205
vhigh,vhigh,5more,4,med,high,unacc,AAA206
vhigh,vhigh,5more,4,big,low,unacc,AAA207
vhigh,vhigh,5more,4,big,med,unacc,AAA208
vhigh,vhigh,5more,4,big,high,unacc,AAA209
vhigh,vhigh,5more,more,small,low,unacc,AAA210
vhigh,vhigh,5more,more,small,med,unacc,AAA211
vhigh,vhigh,5more,more,small,high,unacc,AAA212
vhigh,vhigh,5more,more,med,low,unacc,AAA213
vhigh,vhigh,5more,more,med,med,unacc,AAA214
vhigh,vhigh,5more,more,med,high,unacc,AAA215
vhigh,vhigh,5more,more,big,low,unacc,AAA216
vhigh,vhigh,5more,more,big,med,unacc,AAA217
vhigh,vhigh,5more,more,big,high,unacc,AAA218
vhigh,high,2,2,small,low,unacc,AAA219
vhigh,high,2,2,small,med,unacc,AAA220
vhigh,high,2,2,small,high,unacc,AAA221
vhigh,high,2,2,med,low,unacc,AAA222
vhigh,high,2,2,med,med,unacc,AAA223
vhigh,high,2,2,med,high,unacc,AAA224
vhigh,high,2,2,big,low,unacc,AAA225
vhigh,high,2,2,big,med,unacc,AAA226
vhigh,high,2,2,big,high,unacc,AAA227
vhigh,high,2,4,small,low,unacc,AAA228
vhigh,high,2,4,small,med,unacc,AAA229
vhigh,high,2,4,small,high,unacc,AAA230
vhigh,high,2,4,med,low,unacc,AAA231
vhigh,high,2,4,med,med,unacc,AAA232
vhigh,high,2,4,med,high,unacc,AAA233
vhigh,high,2,4,big,low,unacc,AAA234
vhigh,high,2,4,big,med,unacc,AAA235
vhigh,high,2,4,big,high,unacc,AAA236
vhigh,high,2,more,small,low,unacc,AAA237
vhigh,high,2,more,small,med,unacc,AAA238
vhigh,high,2,more,small,high,unacc,AAA239
vhigh,high,2,more,med,low,unacc,AAA240
vhigh,high,2,more,med,med,unacc,AAA241
vhigh,high,2,more,med,high,unacc,AAA242
vhigh,high,2,more,big,low,unacc,AAA243
vhigh,high,2,more,big,med,unacc,AAA244
vhigh,high,2,more,big,high,unacc,AAA245
vhigh,high,3,2,small,low,unacc,AAA246
vhigh,high,3,2,small,med,unacc,AAA247
vhigh,high,3,2,small,high,unacc,AAA248
vhigh,high,3,2,med,low,unacc,AAA249
vhigh,high,3,2,med,med,unacc,AAA250
vhigh,high,3,2,med,high,unacc,AAA251
vhigh,high,3,2,big,low,unacc,AAA252
vhigh,high,3,2,big,med,unacc,AAA253
vhigh,high,3,2,big,high,unacc,AAA254
vhigh,high,3,4,small,low,unacc,AAA255
vhigh,high,3,4,small,med,unacc,AAA256
vhigh,high,3,4,small,high,unacc,AAA257
vhigh,high,3,4,med,low,unacc,AAA258
vhigh,high,3,4,med,med,unacc,AAA259
vhigh,high,3,4,med,high,unacc,AAA260
vhigh,high,3,4,big,low,unacc,AAA261
vhigh,high,3,4,big,med,unacc,AAA262
vhigh,high,3,4,big,high,unacc,AAA263
vhigh,high,3,more,small,low,unacc,AAA264
vhigh,high,3,more,small,med,unacc,AAA265
vhigh,high,3,more,small,high,unacc,AAA266
vhigh,high,3,more,med,low,unacc,AAA267
vhigh,high,3,more,med,med,unacc,AAA268
vhigh,high,3,more,med,high,unacc,AAA269
vhigh,high,3,more,big,low,unacc,AAA270
vhigh,high,3,more,big,med,unacc,AAA271
vhigh,high,3,more,big,high,unacc,AAA272
vhigh,high,4,2,small,low,unacc,AAA273
vhigh,high,4,2,small,med,unacc,AAA274
vhigh,high,4,2,small,high,unacc,AAA275
vhigh,high,4,2,med,low,unacc,AAA276
vhigh,high,4,2,med,med,unacc,AAA277
vhigh,high,4,2,med,high,unacc,AAA278
vhigh,high,4,2,big,low,unacc,AAA279
vhigh,high,4,2,big,med,unacc,AAA280
vhigh,high,4,2,big,high,unacc,AAA281
vhigh,high,4,4,small,low,unacc,AAA282
vhigh,high,4,4,small,med,unacc,AAA283
vhigh,high,4,4,small,high,unacc,AAA284
vhigh,high,4,4,med,low,unacc,AAA285
vhigh,high,4,4,med,med,unacc,AAA286
vhigh,high,4,4,med,high,unacc,AAA287
vhigh,high,4,4,big,low,unacc,AAA288
vhigh,high,4,4,big,med,unacc,AAA289
vhigh,high,4,4,big,high,unacc,AAA290
vhigh,high,4,more,small,low,unacc,AAA291
vhigh,high,4,more,small,med,unacc,AAA292
vhigh,high,4,more,small,high,unacc,AAA293
vhigh,high,4,more,med,low,unacc,AAA294
vhigh,high,4,more,med,med,unacc,AAA295
vhigh,high,4,more,med,high,unacc,AAA296
vhigh,high,4,more,big,low,unacc,AAA297
vhigh,high,4,more,big,med,unacc,AAA298
vhigh,high,4,more,big,high,unacc,AAA299
vhigh,high,5more,2,small,low,unacc,AAA300
vhigh,high,5more,2,small,med,unacc,AAA301
vhigh,high,5more,2,small,high,unacc,AAA302
vhigh,high,5more,2,med,low,unacc,AAA303
vhigh,high,5more,2,med,med,unacc,AAA304
vhigh,high,5more,2,med,high,unacc,AAA305
vhigh,high,5more,2,big,low,unacc,AAA306
vhigh,high,5more,2,big,med,unacc,AAA307
vhigh,high,5more,2,big,high,unacc,AAA308
vhigh,high,5more,4,small,low,unacc,AAA309
vhigh,high,5more,4,small,med,unacc,AAA310
vhigh,high,5more,4,small,high,unacc,AAA311
vhigh,high,5more,4,med,low,unacc,AAA312
vhigh,high,5more,4,med,med,unacc,AAA313
vhigh,high,5more,4,med,high,unacc,AAA314
vhigh,high,5more,4,big,low,unacc,AAA315
vhigh,high,5more,4,big,med,unacc,AAA316
vhigh,high,5more,4,big,high,unacc,AAA317
vhigh,high,5more,more,small,low,unacc,AAA318
vhigh,high,5more,more,small,med,unacc,AAA319
vhigh,high,5more,more,small,high,unacc,AAA320
vhigh,high,5more,more,med,low,unacc,AAA321
vhigh,high,5more,more,med,med,unacc,AAA322
vhigh,high,5more,more,med,high,unacc,AAA323
vhigh,high,5more,more,big,low,unacc,AAA324
vhigh,high,5more,more,big,med,unacc,AAA325
vhigh,high,5more,more,big,high,unacc,AAA326
vhigh,med,2,2,small,low,unacc,AAA327
vhigh,med,2,2,small,med,unacc,AAA328
vhigh,med,2,2,small,high,unacc,AAA329
vhigh,med,2,2,med,low,unacc,AAA330
vhigh,med,2,2,med,med,unacc,AAA331
vhigh,med,2,2,med,high,unacc,AAA332
vhigh,med,2,2,big,low,unacc,AAA333
vhigh,med,2,2,big,med,unacc,AAA334
vhigh,med,2,2,big,high,unacc,AAA335
vhigh,med,2,4,small,low,unacc,AAA336
vhigh,med,2,4,small,med,unacc,AAA337
vhigh,med,2,4,small,high,acc,AAA338
vhigh,med,2,4,med,low,unacc,AAA339
vhigh,med,2,4,med,med,unacc,AAA340
vhigh,med,2,4,med,high,acc,AAA341
vhigh,med,2,4,big,low,unacc,AAA342
vhigh,med,2,4,big,med,acc,AAA343
vhigh,med,2,4,big,high,acc,AAA344
vhigh,med,2,more,small,low,unacc,AAA345
vhigh,med,2,more,small,med,unacc,AAA346
vhigh,med,2,more,small,high,unacc,AAA347
vhigh,med,2,more,med,low,unacc,AAA348
vhigh,med,2,more,med,med,unacc,AAA349
vhigh,med,2,more,med,high,acc,AAA350
vhigh,med,2,more,big,low,unacc,AAA351
vhigh,med,2,more,big,med,acc,AAA352
vhigh,med,2,more,big,high,acc,AAA353
vhigh,med,3,2,small,low,unacc,AAA354
vhigh,med,3,2,small,med,unacc,AAA355
vhigh,med,3,2,small,high,unacc,AAA356
vhigh,med,3,2,med,low,unacc,AAA357
vhigh,med,3,2,med,med,unacc,AAA358
vhigh,med,3,2,med,high,unacc,AAA359
vhigh,med,3,2,big,low,unacc,AAA360
vhigh,med,3,2,big,med,unacc,AAA361
vhigh,med,3,2,big,high,unacc,AAA362
vhigh,med,3,4,small,low,unacc,AAA363
vhigh,med,3,4,small,med,unacc,AAA364
vhigh,med,3,4,small,high,acc,AAA365
vhigh,med,3,4,med,low,unacc,AAA366
vhigh,med,3,4,med,med,unacc,AAA367
vhigh,med,3,4,med,high,acc,AAA368
vhigh,med,3,4,big,low,unacc,AAA369
vhigh,med,3,4,big,med,acc,AAA370
vhigh,med,3,4,big,high,acc,AAA371
vhigh,med,3,more,small,low,unacc,AAA372
vhigh,med,3,more,small,med,unacc,AAA373
vhigh,med,3,more,small,high,acc,AAA374
vhigh,med,3,more,med,low,unacc,AAA375
vhigh,med,3,more,med,med,acc,AAA376
vhigh,med,3,more,med,high,acc,AAA377
vhigh,med,3,more,big,low,unacc,AAA378
vhigh,med,3,more,big,med,acc,AAA379
vhigh,med,3,more,big,high,acc,AAA380
vhigh,med,4,2,small,low,unacc,AAA381
vhigh,med,4,2,small,med,unacc,AAA382
vhigh,med,4,2,small,high,unacc,AAA383
vhigh,med,4,2,med,low,unacc,AAA384
vhigh,med,4,2,med,med,unacc,AAA385
vhigh,med,4,2,med,high,unacc,AAA386
vhigh,med,4,2,big,low,unacc,AAA387
vhigh,med,4,2,big,med,unacc,AAA388
vhigh,med,4,2,big,high,unacc,AAA389
vhigh,med,4,4,small,low,unacc,AAA390
vhigh,med,4,4,small,med,unacc,AAA391
vhigh,med,4,4,small,high,acc,AAA392
vhigh,med,4,4,med,low,unacc,AAA393
vhigh,med,4,4,med,med,acc,AAA394
vhigh,med,4,4,med,high,acc,AAA395
vhigh,med,4,4,big,low,unacc,AAA396
vhigh,med,4,4,big,med,acc,AAA397
vhigh,med,4,4,big,high,acc,AAA398
vhigh,med,4,more,small,low,unacc,AAA399
vhigh,med,4,more,small,med,unacc,AAA400
vhigh,med,4,more,small,high,acc,AAA401
vhigh,med,4,more,med,low,unacc,AAA402
vhigh,med,4,more,med,med,acc,AAA403
vhigh,med,4,more,med,high,acc,AAA404
vhigh,med,4,more,big,low,unacc,AAA405
vhigh,med,4,more,big,med,acc,AAA406
vhigh,med,4,more,big,high,acc,AAA407
vhigh,med,5more,2,small,low,unacc,AAA408
vhigh,med,5more,2,small,med,unacc,AAA409
vhigh,med,5more,2,small,high,unacc,AAA410
vhigh,med,5more,2,med,low,unacc,AAA411
vhigh,med,5more,2,med,med,unacc,AAA412
vhigh,med,5more,2,med,high,unacc,AAA413
vhigh,med,5more,2,big,low,unacc,AAA414
vhigh,med,5more,2,big,med,unacc,AAA415
vhigh,med,5more,2,big,high,unacc,AAA416
vhigh,med,5more,4,small,low,unacc,AAA417
vhigh,med,5more,4,small,med,unacc,AAA418
vhigh,med,5more,4,small,high,acc,AAA419
vhigh,med,5more,4,med,low,unacc,AAA420
vhigh,med,5more,4,med,med,acc,AAA421
vhigh,med,5more,4,med,high,acc,AAA422
vhigh,med,5more,4,big,low,unacc,AAA423
vhigh,med,5more,4,big,med,acc,AAA424
vhigh,med,5more,4,big,high,acc,AAA425
vhigh,med,5more,more,small,low,unacc,AAA426
vhigh,med,5more,more,small,med,unacc,AAA427
vhigh,med,5more,more,small,high,acc,AAA428
vhigh,med,5more,more,med,low,unacc,AAA429
vhigh,med,5more,more,med,med,acc,AAA430
vhigh,med,5more,more,med,high,acc,AAA431
vhigh,med,5more,more,big,low,unacc,AAA432
vhigh,med,5more,more,big,med,acc,AAA433
vhigh,med,5more,more,big,high,acc,AAA434
vhigh,low,2,2,small,low,unacc,AAA435
vhigh,low,2,2,small,med,unacc,AAA436
vhigh,low,2,2,small,high,unacc,AAA437
vhigh,low,2,2,med,low,unacc,AAA438
vhigh,low,2,2,med,med,unacc,AAA439
vhigh,low,2,2,med,high,unacc,AAA440
vhigh,low,2,2,big,low,unacc,AAA441
vhigh,low,2,2,big,med,unacc,AAA442
vhigh,low,2,2,big,high,unacc,AAA443
vhigh,low,2,4,small,low,unacc,AAA444
vhigh,low,2,4,small,med,unacc,AAA445
vhigh,low,2,4,small,high,acc,AAA446
vhigh,low,2,4,med,low,unacc,AAA447
vhigh,low,2,4,med,med,unacc,AAA448
vhigh,low,2,4,med,high,acc,AAA449
vhigh,low,2,4,big,low,unacc,AAA450
vhigh,low,2,4,big,med,acc,AAA451
vhigh,low,2,4,big,high,acc,AAA452
vhigh,low,2,more,small,low,unacc,AAA453
vhigh,low,2,more,small,med,unacc,AAA454
vhigh,low,2,more,small,high,unacc,AAA455
vhigh,low,2,more,med,low,unacc,AAA456
vhigh,low,2,more,med,med,unacc,AAA457
vhigh,low,2,more,med,high,acc,AAA458
vhigh,low,2,more,big,low,unacc,AAA459
vhigh,low,2,more,big,med,acc,AAA460
vhigh,low,2,more,big,high,acc,AAA461
vhigh,low,3,2,small,low,unacc,AAA462
vhigh,low,3,2,small,med,unacc,AAA463
vhigh,low,3,2,small,high,unacc,AAA464
vhigh,low,3,2,med,low,unacc,AAA465
vhigh,low,3,2,med,med,unacc,AAA466
vhigh,low,3,2,med,high,unacc,AAA467
vhigh,low,3,2,big,low,unacc,AAA468
vhigh,low,3,2,big,med,unacc,AAA469
vhigh,low,3,2,big,high,unacc,AAA470
vhigh,low,3,4,small,low,unacc,AAA471
vhigh,low,3,4,small,med,unacc,AAA472
vhigh,low,3,4,small,high,acc,AAA473
vhigh,low,3,4,med,low,unacc,AAA474
vhigh,low,3,4,med,med,unacc,AAA475
vhigh,low,3,4,med,high,acc,AAA476
vhigh,low,3,4,big,low,unacc,AAA477
vhigh,low,3,4,big,med,acc,AAA478
vhigh,low,3,4,big,high,acc,AAA479
vhigh,low,3,more,small,low,unacc,AAA480
vhigh,low,3,more,small,med,unacc,AAA481
vhigh,low,3,more,small,high,acc,AAA482
vhigh,low,3,more,med,low,unacc,AAA483
vhigh,low,3,more,med,med,acc,AAA484
vhigh,low,3,more,med,high,acc,AAA485
vhigh,low,3,more,big,low,unacc,AAA486
vhigh,low,3,more,big,med,acc,AAA487
vhigh,low,3,more,big,high,acc,AAA488
vhigh,low,4,2,small,low,unacc,AAA489
vhigh,low,4,2,small,med,unacc,AAA490
vhigh,low,4,2,small,high,unacc,AAA491
vhigh,low,4,2,med,low,unacc,AAA492
vhigh,low,4,2,med,med,unacc,AAA493
vhigh,low,4,2,med,high,unacc,AAA494
vhigh,low,4,2,big,low,unacc,AAA495
vhigh,low,4,2,big,med,unacc,AAA496
vhigh,low,4,2,big,high,unacc,AAA497
vhigh,low,4,4,small,low,unacc,AAA498
vhigh,low,4,4,small,med,unacc,AAA499
vhigh,low,4,4,small,high,acc,AAA500
vhigh,low,4,4,med,low,unacc,AAA501
vhigh,low,4,4,med,med,acc,AAA502
vhigh,low,4,4,med,high,acc,AAA503
vhigh,low,4,4,big,low,unacc,AAA504
vhigh,low,4,4,big,med,acc,AAA505
vhigh,low,4,4,big,high,acc,AAA506
vhigh,low,4,more,small,low,unacc,AAA507
vhigh,low,4,more,small,med,unacc,AAA508
vhigh,low,4,more,small,high,acc,AAA509
vhigh,low,4,more,med,low,unacc,AAA510
vhigh,low,4,more,med,med,acc,AAA511
vhigh,low,4,more,med,high,acc,AAA512
vhigh,low,4,more,big,low,unacc,AAA513
vhigh,low,4,more,big,med,acc,AAA514
vhigh,low,4,more,big,high,acc,AAA515
vhigh,low,5more,2,small,low,unacc,AAA516
vhigh,low,5more,2,small,med,unacc,AAA517
vhigh,low,5more,2,small,high,unacc,AAA518
vhigh,low,5more,2,med,low,unacc,AAA519
vhigh,low,5more,2,med,med,unacc,AAA520
vhigh,low,5more,2,med,high,unacc,AAA521
vhigh,low,5more,2,big,low,unacc,AAA522
vhigh,low,5more,2,big,med,unacc,AAA523
vhigh,low,5more,2,big,high,unacc,AAA524
vhigh,low,5more,4,small,low,unacc,AAA525
vhigh,low,5more,4,small,med,unacc,AAA526
vhigh,low,5more,4,small,high,acc,AAA527
vhigh,low,5more,4,med,low,unacc,AAA528
vhigh,low,5more,4,med,med,acc,AAA529
vhigh,low,5more,4,med,high,acc,AAA530
vhigh,low,5more,4,big,low,unacc,AAA531
vhigh,low,5more,4,big,med,acc,AAA532
vhigh,low,5more,4,big,high,acc,AAA533
vhigh,low,5more,more,small,low,unacc,AAA534
vhigh,low,5more,more,small,med,unacc,AAA535
vhigh,low,5more,more,small,high,acc,AAA536
vhigh,low,5more,more,med,low,unacc,AAA537
vhigh,low,5more,more,med,med,acc,AAA538
vhigh,low,5more,more,med,high,acc,AAA539
vhigh,low,5more,more,big,low,unacc,AAA540
vhigh,low,5more,more,big,med,acc,AAA541
vhigh,low,5more,more,big,high,acc,AAA542
high,vhigh,2,2,small,low,unacc,AAA543
high,vhigh,2,2,small,med,unacc,AAA544
high,vhigh,2,2,small,high,unacc,AAA545
high,vhigh,2,2,med,low,unacc,AAA546
high,vhigh,2,2,med,med,unacc,AAA547
high,vhigh,2,2,med,high,unacc,AAA548
high,vhigh,2,2,big,low,unacc,AAA549
high,vhigh,2,2,big,med,unacc,AAA550
high,vhigh,2,2,big,high,unacc,AAA551
high,vhigh,2,4,small,low,unacc,AAA552
high,vhigh,2,4,small,med,unacc,AAA553
high,vhigh,2,4,small,high,unacc,AAA554
high,vhigh,2,4,med,low,unacc,AAA555
high,vhigh,2,4,med,med,unacc,AAA556
high,vhigh,2,4,med,high,unacc,AAA557
high,vhigh,2,4,big,low,unacc,AAA558
high,vhigh,2,4,big,med,unacc,AAA559
high,vhigh,2,4,big,high,unacc,AAA560
high,vhigh,2,more,small,low,unacc,AAA561
high,vhigh,2,more,small,med,unacc,AAA562
high,vhigh,2,more,small,high,unacc,AAA563
high,vhigh,2,more,med,low,unacc,AAA564
high,vhigh,2,more,med,med,unacc,AAA565
high,vhigh,2,more,med,high,unacc,AAA566
high,vhigh,2,more,big,low,unacc,AAA567
high,vhigh,2,more,big,med,unacc,AAA568
high,vhigh,2,more,big,high,unacc,AAA569
high,vhigh,3,2,small,low,unacc,AAA570
high,vhigh,3,2,small,med,unacc,AAA571
high,vhigh,3,2,small,high,unacc,AAA572
high,vhigh,3,2,med,low,unacc,AAA573
high,vhigh,3,2,med,med,unacc,AAA574
high,vhigh,3,2,med,high,unacc,AAA575
high,vhigh,3,2,big,low,unacc,AAA576
high,vhigh,3,2,big,med,unacc,AAA577
high,vhigh,3,2,big,high,unacc,AAA578
high,vhigh,3,4,small,low,unacc,AAA579
high,vhigh,3,4,small,med,unacc,AAA580
high,vhigh,3,4,small,high,unacc,AAA581
high,vhigh,3,4,med,low,unacc,AAA582
high,vhigh,3,4,med,med,unacc,AAA583
high,vhigh,3,4,med,high,unacc,AAA584
high,vhigh,3,4,big,low,unacc,AAA585
high,vhigh,3,4,big,med,unacc,AAA586
high,vhigh,3,4,big,high,unacc,AAA587
high,vhigh,3,more,small,low,unacc,AAA588
high,vhigh,3,more,small,med,unacc,AAA589
high,vhigh,3,more,small,high,unacc,AAA590
high,vhigh,3,more,med,low,unacc,AAA591
high,vhigh,3,more,med,med,unacc,AAA592
high,vhigh,3,more,med,high,unacc,AAA593
high,vhigh,3,more,big,low,unacc,AAA594
high,vhigh,3,more,big,med,unacc,AAA595
high,vhigh,3,more,big,high,unacc,AAA596
high,vhigh,4,2,small,low,unacc,AAA597
high,vhigh,4,2,small,med,unacc,AAA598
high,vhigh,4,2,small,high,unacc,AAA599
high,vhigh,4,2,med,low,unacc,AAA600
high,vhigh,4,2,med,med,unacc,AAA601
high,vhigh,4,2,med,high,unacc,AAA602
high,vhigh,4,2,big,low,unacc,AAA603
high,vhigh,4,2,big,med,unacc,AAA604
high,vhigh,4,2,big,high,unacc,AAA605
high,vhigh,4,4,small,low,unacc,AAA606
high,vhigh,4,4,small,med,unacc,AAA607
high,vhigh,4,4,small,high,unacc,AAA608
high,vhigh,4,4,med,low,unacc,AAA609
high,vhigh,4,4,med,med,unacc,AAA610
high,vhigh,4,4,med,high,unacc,AAA611
high,vhigh,4,4,big,low,unacc,AAA612
high,vhigh,4,4,big,med,unacc,AAA613
high,vhigh,4,4,big,high,unacc,AAA614
high,vhigh,4,more,small,low,unacc,AAA615
high,vhigh,4,more,small,med,unacc,AAA616
high,vhigh,4,more,small,high,unacc,AAA617
high,vhigh,4,more,med,low,unacc,AAA618
high,vhigh,4,more,med,med,unacc,AAA619
high,vhigh,4,more,med,high,unacc,AAA620
high,vhigh,4,more,big,low,unacc,AAA621
high,vhigh,4,more,big,med,unacc,AAA622
high,vhigh,4,more,big,high,unacc,AAA623
high,vhigh,5more,2,small,low,unacc,AAA624
high,vhigh,5more,2,small,med,unacc,AAA625
high,vhigh,5more,2,small,high,unacc,AAA626
high,vhigh,5more,2,med,low,unacc,AAA627
high,vhigh,5more,2,med,med,unacc,AAA628
high,vhigh,5more,2,med,high,unacc,AAA629
high,vhigh,5more,2,big,low,unacc,AAA630
high,vhigh,5more,2,big,med,unacc,AAA631
high,vhigh,5more,2,big,high,unacc,AAA632
high,vhigh,5more,4,small,low,unacc,AAA633
high,vhigh,5more,4,small,med,unacc,AAA634
high,vhigh,5more,4,small,high,unacc,AAA635
high,vhigh,5more,4,med,low,unacc,AAA636
high,vhigh,5more,4,med,med,unacc,AAA637
high,vhigh,5more,4,med,high,unacc,AAA638
high,vhigh,5more,4,big,low,unacc,AAA639
high,vhigh,5more,4,big,med,unacc,AAA640
high,vhigh,5more,4,big,high,unacc,AAA641
high,vhigh,5more,more,small,low,unacc,AAA642
high,vhigh,5more,more,small,med,unacc,AAA643
high,vhigh,5more,more,small,high,unacc,AAA644
high,vhigh,5more,more,med,low,unacc,AAA645
high,vhigh,5more,more,med,med,unacc,AAA646
high,vhigh,5more,more,med,high,unacc,AAA647
high,vhigh,5more,more,big,low,unacc,AAA648
high,vhigh,5more,more,big,med,unacc,AAA649
high,vhigh,5more,more,big,high,unacc,AAA650
high,high,2,2,small,low,unacc,AAA651
high,high,2,2,small,med,unacc,AAA652
high,high,2,2,small,high,unacc,AAA653
high,high,2,2,med,low,unacc,AAA654
high,high,2,2,med,med,unacc,AAA655
high,high,2,2,med,high,unacc,AAA656
high,high,2,2,big,low,unacc,AAA657
high,high,2,2,big,med,unacc,AAA658
high,high,2,2,big,high,unacc,AAA659
high,high,2,4,small,low,unacc,AAA660
high,high,2,4,small,med,unacc,AAA661
high,high,2,4,small,high,acc,AAA662
high,high,2,4,med,low,unacc,AAA663
high,high,2,4,med,med,unacc,AAA664
high,high,2,4,med,high,acc,AAA665
high,high,2,4,big,low,unacc,AAA666
high,high,2,4,big,med,acc,AAA667
high,high,2,4,big,high,acc,AAA668
high,high,2,more,small,low,unacc,AAA669
high,high,2,more,small,med,unacc,AAA670
high,high,2,more,small,high,unacc,AAA671
high,high,2,more,med,low,unacc,AAA672
high,high,2,more,med,med,unacc,AAA673
high,high,2,more,med,high,acc,AAA674
high,high,2,more,big,low,unacc,AAA675
high,high,2,more,big,med,acc,AAA676
high,high,2,more,big,high,acc,AAA677
high,high,3,2,small,low,unacc,AAA678
high,high,3,2,small,med,unacc,AAA679
high,high,3,2,small,high,unacc,AAA680
high,high,3,2,med,low,unacc,AAA681
high,high,3,2,med,med,unacc,AAA682
high,high,3,2,med,high,unacc,AAA683
high,high,3,2,big,low,unacc,AAA684
high,high,3,2,big,med,unacc,AAA685
high,high,3,2,big,high,unacc,AAA686
high,high,3,4,small,low,unacc,AAA687
high,high,3,4,small,med,unacc,AAA688
high,high,3,4,small,high,acc,AAA689
high,high,3,4,med,low,unacc,AAA690
high,high,3,4,med,med,unacc,AAA691
high,high,3,4,med,high,acc,AAA692
high,high,3,4,big,low,unacc,AAA693
high,high,3,4,big,med,acc,AAA694
high,high,3,4,big,high,acc,AAA695
high,high,3,more,small,low,unacc,AAA696
high,high,3,more,small,med,unacc,AAA697
high,high,3,more,small,high,acc,AAA698
high,high,3,more,med,low,unacc,AAA699
high,high,3,more,med,med,acc,AAA700
high,high,3,more,med,high,acc,AAA701
high,high,3,more,big,low,unacc,AAA702
high,high,3,more,big,med,acc,AAA703
high,high,3,more,big,high,acc,AAA704
high,high,4,2,small,low,unacc,AAA705
high,high,4,2,small,med,unacc,AAA706
high,high,4,2,small,high,unacc,AAA707
high,high,4,2,med,low,unacc,AAA708
high,high,4,2,med,med,unacc,AAA709
high,high,4,2,med,high,unacc,AAA710
high,high,4,2,big,low,unacc,AAA711
high,high,4,2,big,med,unacc,AAA712
high,high,4,2,big,high,unacc,AAA713
high,high,4,4,small,low,unacc,AAA714
high,high,4,4,small,med,unacc,AAA715
high,high,4,4,small,high,acc,AAA716
high,high,4,4,med,low,unacc,AAA717
high,high,4,4,med,med,acc,AAA718
high,high,4,4,med,high,acc,AAA719
high,high,4,4,big,low,unacc,AAA720
high,high,4,4,big,med,acc,AAA721
high,high,4,4,big,high,acc,AAA722
high,high,4,more,small,low,unacc,AAA723
high,high,4,more,small,med,unacc,AAA724
high,high,4,more,small,high,acc,AAA725
high,high,4,more,med,low,unacc,AAA726
high,high,4,more,med,med,acc,AAA727
high,high,4,more,med,high,acc,AAA728
high,high,4,more,big,low,unacc,AAA729
high,high,4,more,big,med,acc,AAA730
high,high,4,more,big,high,acc,AAA731
high,high,5more,2,small,low,unacc,AAA732
high,high,5more,2,small,med,unacc,AAA733
high,high,5more,2,small,high,unacc,AAA734
high,high,5more,2,med,low,unacc,AAA735
high,high,5more,2,med,med,unacc,AAA736
high,high,5more,2,med,high,unacc,AAA737
high,high,5more,2,big,low,unacc,AAA738
high,high,5more,2,big,med,unacc,AAA739
high,high,5more,2,big,high,unacc,AAA740
high,high,5more,4,small,low,unacc,AAA741
high,high,5more,4,small,med,unacc,AAA742
high,high,5more,4,small,high,acc,AAA743
high,high,5more,4,med,low,unacc,AAA744
high,high,5more,4,med,med,acc,AAA745
high,high,5more,4,med,high,acc,AAA746
high,high,5more,4,big,low,unacc,AAA747
high,high,5more,4,big,med,acc,AAA748
high,high,5more,4,big,high,acc,AAA749
high,high,5more,more,small,low,unacc,AAA750
high,high,5more,more,small,med,unacc,AAA751
high,high,5more,more,small,high,acc,AAA752
high,high,5more,more,med,low,unacc,AAA753
high,high,5more,more,med,med,acc,AAA754
high,high,5more,more,med,high,acc,AAA755
high,high,5more,more,big,low,unacc,AAA756
high,high,5more,more,big,med,acc,AAA757
high,high,5more,more,big,high,acc,AAA758
high,med,2,2,small,low,unacc,AAA759
high,med,2,2,small,med,unacc,AAA760
high,med,2,2,small,high,unacc,AAA761
high,med,2,2,med,low,unacc,AAA762
high,med,2,2,med,med,unacc,AAA763
high,med,2,2,med,high,unacc,AAA764
high,med,2,2,big,low,unacc,AAA765
high,med,2,2,big,med,unacc,AAA766
high,med,2,2,big,high,unacc,AAA767
high,med,2,4,small,low,unacc,AAA768
high,med,2,4,small,med,unacc,AAA769
high,med,2,4,small,high,acc,AAA770
high,med,2,4,med,low,unacc,AAA771
high,med,2,4,med,med,unacc,AAA772
high,med,2,4,med,high,acc,AAA773
high,med,2,4,big,low,unacc,AAA774
high,med,2,4,big,med,acc,AAA775
high,med,2,4,big,high,acc,AAA776
high,med,2,more,small,low,unacc,AAA777
high,med,2,more,small,med,unacc,AAA778
high,med,2,more,small,high,unacc,AAA779
high,med,2,more,med,low,unacc,AAA780
high,med,2,more,med,med,unacc,AAA781
high,med,2,more,med,high,acc,AAA782
high,med,2,more,big,low,unacc,AAA783
high,med,2,more,big,med,acc,AAA784
high,med,2,more,big,high,acc,AAA785
high,med,3,2,small,low,unacc,AAA786
high,med,3,2,small,med,unacc,AAA787
high,med,3,2,small,high,unacc,AAA788
high,med,3,2,med,low,unacc,AAA789
high,med,3,2,med,med,unacc,AAA790
high,med,3,2,med,high,unacc,AAA791
high,med,3,2,big,low,unacc,AAA792
high,med,3,2,big,med,unacc,AAA793
high,med,3,2,big,high,unacc,AAA794
high,med,3,4,small,low,unacc,AAA795
high,med,3,4,small,med,unacc,AAA796
high,med,3,4,small,high,acc,AAA797
high,med,3,4,med,low,unacc,AAA798
high,med,3,4,med,med,unacc,AAA799
high,med,3,4,med,high,acc,AAA800
high,med,3,4,big,low,unacc,AAA801
high,med,3,4,big,med,acc,AAA802
high,med,3,4,big,high,acc,AAA803
high,med,3,more,small,low,unacc,AAA804
high,med,3,more,small,med,unacc,AAA805
high,med,3,more,small,high,acc,AAA806
high,med,3,more,med,low,unacc,AAA807
high,med,3,more,med,med,acc,AAA808
high,med,3,more,med,high,acc,AAA809
high,med,3,more,big,low,unacc,AAA810
high,med,3,more,big,med,acc,AAA811
high,med,3,more,big,high,acc,AAA812
high,med,4,2,small,low,unacc,AAA813
high,med,4,2,small,med,unacc,AAA814
high,med,4,2,small,high,unacc,AAA815
high,med,4,2,med,low,unacc,AAA816
high,med,4,2,med,med,unacc,AAA817
high,med,4,2,med,high,unacc,AAA818
high,med,4,2,big,low,unacc,AAA819
high,med,4,2,big,med,unacc,AAA820
high,med,4,2,big,high,unacc,AAA821
high,med,4,4,small,low,unacc,AAA822
high,med,4,4,small,med,unacc,AAA823
high,med,4,4,small,high,acc,AAA824
high,med,4,4,med,low,unacc,AAA825
high,med,4,4,med,med,acc,AAA826
high,med,4,4,med,high,acc,AAA827
high,med,4,4,big,low,unacc,AAA828
high,med,4,4,big,med,acc,AAA829
high,med,4,4,big,high,acc,AAA830
high,med,4,more,small,low,unacc,AAA831
high,med,4,more,small,med,unacc,AAA832
high,med,4,more,small,high,acc,AAA833
high,med,4,more,med,low,unacc,AAA834
high,med,4,more,med,med,acc,AAA835
high,med,4,more,med,high,acc,AAA836
high,med,4,more,big,low,unacc,AAA837
high,med,4,more,big,med,acc,AAA838
high,med,4,more,big,high,acc,AAA839
high,med,5more,2,small,low,unacc,AAA840
high,med,5more,2,small,med,unacc,AAA841
high,med,5more,2,small,high,unacc,AAA842
high,med,5more,2,med,low,unacc,AAA843
high,med,5more,2,med,med,unacc,AAA844
high,med,5more,2,med,high,unacc,AAA845
high,med,5more,2,big,low,unacc,AAA846
high,med,5more,2,big,med,unacc,AAA847
high,med,5more,2,big,high,unacc,AAA848
high,med,5more,4,small,low,unacc,AAA849
high,med,5more,4,small,med,unacc,AAA850
high,med,5more,4,small,high,acc,AAA851
high,med,5more,4,med,low,unacc,AAA852
high,med,5more,4,med,med,acc,AAA853
high,med,5more,4,med,high,acc,AAA854
high,med,5more,4,big,low,unacc,AAA855
high,med,5more,4,big,med,acc,AAA856
high,med,5more,4,big,high,acc,AAA857
high,med,5more,more,small,low,unacc,AAA858
high,med,5more,more,small,med,unacc,AAA859
high,med,5more,more,small,high,acc,AAA860
high,med,5more,more,med,low,unacc,AAA861
high,med,5more,more,med,med,acc,AAA862
high,med,5more,more,med,high,acc,AAA863
high,med,5more,more,big,low,unacc,AAA864
high,med,5more,more,big,med,acc,AAA865
high,med,5more,more,big,high,acc,AAA866
high,low,2,2,small,low,unacc,AAA867
high,low,2,2,small,med,unacc,AAA868
high,low,2,2,small,high,unacc,AAA869
high,low,2,2,med,low,unacc,AAA870
high,low,2,2,med,med,unacc,AAA871
high,low,2,2,med,high,unacc,AAA872
high,low,2,2,big,low,unacc,AAA873
high,low,2,2,big,med,unacc,AAA874
high,low,2,2,big,high,unacc,AAA875
high,low,2,4,small,low,unacc,AAA876
high,low,2,4,small,med,unacc,AAA877
high,low,2,4,small,high,acc,AAA878
high,low,2,4,med,low,unacc,AAA879
high,low,2,4,med,med,unacc,AAA880
high,low,2,4,med,high,acc,AAA881
high,low,2,4,big,low,unacc,AAA882
high,low,2,4,big,med,acc,AAA883
high,low,2,4,big,high,acc,AAA884
high,low,2,more,small,low,unacc,AAA885
high,low,2,more,small,med,unacc,AAA886
high,low,2,more,small,high,unacc,AAA887
high,low,2,more,med,low,unacc,AAA888
high,low,2,more,med,med,unacc,AAA889
high,low,2,more,med,high,acc,AAA890
high,low,2,more,big,low,unacc,AAA891
high,low,2,more,big,med,acc,AAA892
high,low,2,more,big,high,acc,AAA893
high,low,3,2,small,low,unacc,AAA894
high,low,3,2,small,med,unacc,AAA895
high,low,3,2,small,high,unacc,AAA896
high,low,3,2,med,low,unacc,AAA897
high,low,3,2,med,med,unacc,AAA898
high,low,3,2,med,high,unacc,AAA899
high,low,3,2,big,low,unacc,AAA900
high,low,3,2,big,med,unacc,AAA901
high,low,3,2,big,high,unacc,AAA902
high,low,3,4,small,low,unacc,AAA903
high,low,3,4,small,med,unacc,AAA904
high,low,3,4,small,high,acc,AAA905
high,low,3,4,med,low,unacc,AAA906
high,low,3,4,med,med,unacc,AAA907
high,low,3,4,med,high,acc,AAA908
high,low,3,4,big,low,unacc,AAA909
high,low,3,4,big,med,acc,AAA910
high,low,3,4,big,high,acc,AAA911
high,low,3,more,small,low,unacc,AAA912
high,low,3,more,small,med,unacc,AAA913
high,low,3,more,small,high,acc,AAA914
high,low,3,more,med,low,unacc,AAA915
high,low,3,more,med,med,acc,AAA916
high,low,3,more,med,high,acc,AAA917
high,low,3,more,big,low,unacc,AAA918
high,low,3,more,big,med,acc,AAA919
high,low,3,more,big,high,acc,AAA920
high,low,4,2,small,low,unacc,AAA921
high,low,4,2,small,med,unacc,AAA922
high,low,4,2,small,high,unacc,AAA923
high,low,4,2,med,low,unacc,AAA924
high,low,4,2,med,med,unacc,AAA925
high,low,4,2,med,high,unacc,AAA926
high,low,4,2,big,low,unacc,AAA927
high,low,4,2,big,med,unacc,AAA928
high,low,4,2,big,high,unacc,AAA929
high,low,4,4,small,low,unacc,AAA930
high,low,4,4,small,med,unacc,AAA931
high,low,4,4,small,high,acc,AAA932
high,low,4,4,med,low,unacc,AAA933
high,low,4,4,med,med,acc,AAA934
high,low,4,4,med,high,acc,AAA935
high,low,4,4,big,low,unacc,AAA936
high,low,4,4,big,med,acc,AAA937
high,low,4,4,big,high,acc,AAA938
high,low,4,more,small,low,unacc,AAA939
high,low,4,more,small,med,unacc,AAA940
high,low,4,more,small,high,acc,AAA941
high,low,4,more,med,low,unacc,AAA942
high,low,4,more,med,med,acc,AAA943
high,low,4,more,med,high,acc,AAA944
high,low,4,more,big,low,unacc,AAA945
high,low,4,more,big,med,acc,AAA946
high,low,4,more,big,high,acc,AAA947
high,low,5more,2,small,low,unacc,AAA948
high,low,5more,2,small,med,unacc,AAA949
high,low,5more,2,small,high,unacc,AAA950
high,low,5more,2,med,low,unacc,AAA951
high,low,5more,2,med,med,unacc,AAA952
high,low,5more,2,med,high,unacc,AAA953
high,low,5more,2,big,low,unacc,AAA954
high,low,5more,2,big,med,unacc,AAA955
high,low,5more,2,big,high,unacc,AAA956
high,low,5more,4,small,low,unacc,AAA957
high,low,5more,4,small,med,unacc,AAA958
high,low,5more,4,small,high,acc,AAA959
high,low,5more,4,med,low,unacc,AAA960
high,low,5more,4,med,med,acc,AAA961
high,low,5more,4,med,high,acc,AAA962
high,low,5more,4,big,low,unacc,AAA963
high,low,5more,4,big,med,acc,AAA964
high,low,5more,4,big,high,acc,AAA965
high,low,5more,more,small,low,unacc,AAA966
high,low,5more,more,small,med,unacc,AAA967
high,low,5more,more,small,high,acc,AAA968
high,low,5more,more,med,low,unacc,AAA969
high,low,5more,more,med,med,acc,AAA970
high,low,5more,more,med,high,acc,AAA971
high,low,5more,more,big,low,unacc,AAA972
high,low,5more,more,big,med,acc,AAA973
high,low,5more,more,big,high,acc,AAA974
med,vhigh,2,2,small,low,unacc,AAA975
med,vhigh,2,2,small,med,unacc,AAA976
med,vhigh,2,2,small,high,unacc,AAA977
med,vhigh,2,2,med,low,unacc,AAA978
med,vhigh,2,2,med,med,unacc,AAA979
med,vhigh,2,2,med,high,unacc,AAA980
med,vhigh,2,2,big,low,unacc,AAA981
med,vhigh,2,2,big,med,unacc,AAA982
med,vhigh,2,2,big,high,unacc,AAA983
med,vhigh,2,4,small,low,unacc,AAA984
med,vhigh,2,4,small,med,unacc,AAA985
med,vhigh,2,4,small,high,acc,AAA986
med,vhigh,2,4,med,low,unacc,AAA987
med,vhigh,2,4,med,med,unacc,AAA988
med,vhigh,2,4,med,high,acc,AAA989
med,vhigh,2,4,big,low,unacc,AAA990
med,vhigh,2,4,big,med,acc,AAA991
med,vhigh,2,4,big,high,acc,AAA992
med,vhigh,2,more,small,low,unacc,AAA993
med,vhigh,2,more,small,med,unacc,AAA994
med,vhigh,2,more,small,high,unacc,AAA995
med,vhigh,2,more,med,low,unacc,AAA996
med,vhigh,2,more,med,med,unacc,AAA997
med,vhigh,2,more,med,high,acc,AAA998
med,vhigh,2,more,big,low,unacc,AAA999
med,vhigh,2,more,big,med,acc,AAB100
med,vhigh,2,more,big,high,acc,AAB101
med,vhigh,3,2,small,low,unacc,AAB102
med,vhigh,3,2,small,med,unacc,AAB103
med,vhigh,3,2,small,high,unacc,AAB104
med,vhigh,3,2,med,low,unacc,AAB105
med,vhigh,3,2,med,med,unacc,AAB106
med,vhigh,3,2,med,high,unacc,AAB107
med,vhigh,3,2,big,low,unacc,AAB108
med,vhigh,3,2,big,med,unacc,AAB109
med,vhigh,3,2,big,high,unacc,AAB110
med,vhigh,3,4,small,low,unacc,AAB111
med,vhigh,3,4,small,med,unacc,AAB112
med,vhigh,3,4,small,high,acc,AAB113
med,vhigh,3,4,med,low,unacc,AAB114
med,vhigh,3,4,med,med,unacc,AAB115
med,vhigh,3,4,med,high,acc,AAB116
med,vhigh,3,4,big,low,unacc,AAB117
med,vhigh,3,4,big,med,acc,AAB118
med,vhigh,3,4,big,high,acc,AAB119
med,vhigh,3,more,small,low,unacc,AAB120
med,vhigh,3,more,small,med,unacc,AAB121
med,vhigh,3,more,small,high,acc,AAB122
med,vhigh,3,more,med,low,unacc,AAB123
med,vhigh,3,more,med,med,acc,AAB124
med,vhigh,3,more,med,high,acc,AAB125
med,vhigh,3,more,big,low,unacc,AAB126
med,vhigh,3,more,big,med,acc,AAB127
med,vhigh,3,more,big,high,acc,AAB128
med,vhigh,4,2,small,low,unacc,AAB129
med,vhigh,4,2,small,med,unacc,AAB130
med,vhigh,4,2,small,high,unacc,AAB131
med,vhigh,4,2,med,low,unacc,AAB132
med,vhigh,4,2,med,med,unacc,AAB133
med,vhigh,4,2,med,high,unacc,AAB134
med,vhigh,4,2,big,low,unacc,AAB135
med,vhigh,4,2,big,med,unacc,AAB136
med,vhigh,4,2,big,high,unacc,AAB137
med,vhigh,4,4,small,low,unacc,AAB138
med,vhigh,4,4,small,med,unacc,AAB139
med,vhigh,4,4,small,high,acc,AAB140
med,vhigh,4,4,med,low,unacc,AAB141
med,vhigh,4,4,med,med,acc,AAB142
med,vhigh,4,4,med,high,acc,AAB143
med,vhigh,4,4,big,low,unacc,AAB144
med,vhigh,4,4,big,med,acc,AAB145
med,vhigh,4,4,big,high,acc,AAB146
med,vhigh,4,more,small,low,unacc,AAB147
med,vhigh,4,more,small,med,unacc,AAB148
med,vhigh,4,more,small,high,acc,AAB149
med,vhigh,4,more,med,low,unacc,AAB150
med,vhigh,4,more,med,med,acc,AAB151
med,vhigh,4,more,med,high,acc,AAB152
med,vhigh,4,more,big,low,unacc,AAB153
med,vhigh,4,more,big,med,acc,AAB154
med,vhigh,4,more,big,high,acc,AAB155
med,vhigh,5more,2,small,low,unacc,AAB156
med,vhigh,5more,2,small,med,unacc,AAB157
med,vhigh,5more,2,small,high,unacc,AAB158
med,vhigh,5more,2,med,low,unacc,AAB159
med,vhigh,5more,2,med,med,unacc,AAB160
med,vhigh,5more,2,med,high,unacc,AAB161
med,vhigh,5more,2,big,low,unacc,AAB162
med,vhigh,5more,2,big,med,unacc,AAB163
med,vhigh,5more,2,big,high,unacc,AAB164
med,vhigh,5more,4,small,low,unacc,AAB165
med,vhigh,5more,4,small,med,unacc,AAB166
med,vhigh,5more,4,small,high,acc,AAB167
med,vhigh,5more,4,med,low,unacc,AAB168
med,vhigh,5more,4,med,med,acc,AAB169
med,vhigh,5more,4,med,high,acc,AAB170
med,vhigh,5more,4,big,low,unacc,AAB171
med,vhigh,5more,4,big,med,acc,AAB172
med,vhigh,5more,4,big,high,acc,AAB173
med,vhigh,5more,more,small,low,unacc,AAB174
med,vhigh,5more,more,small,med,unacc,AAB175
med,vhigh,5more,more,small,high,acc,AAB176
med,vhigh,5more,more,med,low,unacc,AAB177
med,vhigh,5more,more,med,med,acc,AAB178
med,vhigh,5more,more,med,high,acc,AAB179
med,vhigh,5more,more,big,low,unacc,AAB180
med,vhigh,5more,more,big,med,acc,AAB181
med,vhigh,5more,more,big,high,acc,AAB182
med,high,2,2,small,low,unacc,AAB183
med,high,2,2,small,med,unacc,AAB184
med,high,2,2,small,high,unacc,AAB185
med,high,2,2,med,low,unacc,AAB186
med,high,2,2,med,med,unacc,AAB187
med,high,2,2,med,high,unacc,AAB188
med,high,2,2,big,low,unacc,AAB189
med,high,2,2,big,med,unacc,AAB190
med,high,2,2,big,high,unacc,AAB191
med,high,2,4,small,low,unacc,AAB192
med,high,2,4,small,med,unacc,AAB193
med,high,2,4,small,high,acc,AAB194
med,high,2,4,med,low,unacc,AAB195
med,high,2,4,med,med,unacc,AAB196
med,high,2,4,med,high,acc,AAB197
med,high,2,4,big,low,unacc,AAB198
med,high,2,4,big,med,acc,AAB199
med,high,2,4,big,high,acc,AAB200
med,high,2,more,small,low,unacc,AAB201
med,high,2,more,small,med,unacc,AAB202
med,high,2,more,small,high,unacc,AAB203
med,high,2,more,med,low,unacc,AAB204
med,high,2,more,med,med,unacc,AAB205
med,high,2,more,med,high,acc,AAB206
med,high,2,more,big,low,unacc,AAB207
med,high,2,more,big,med,acc,AAB208
med,high,2,more,big,high,acc,AAB209
med,high,3,2,small,low,unacc,AAB210
med,high,3,2,small,med,unacc,AAB211
med,high,3,2,small,high,unacc,AAB212
med,high,3,2,med,low,unacc,AAB213
med,high,3,2,med,med,unacc,AAB214
med,high,3,2,med,high,unacc,AAB215
med,high,3,2,big,low,unacc,AAB216
med,high,3,2,big,med,unacc,AAB217
med,high,3,2,big,high,unacc,AAB218
med,high,3,4,small,low,unacc,AAB219
med,high,3,4,small,med,unacc,AAB220
med,high,3,4,small,high,acc,AAB221
med,high,3,4,med,low,unacc,AAB222
med,high,3,4,med,med,unacc,AAB223
med,high,3,4,med,high,acc,AAB224
med,high,3,4,big,low,unacc,AAB225
med,high,3,4,big,med,acc,AAB226
med,high,3,4,big,high,acc,AAB227
med,high,3,more,small,low,unacc,AAB228
med,high,3,more,small,med,unacc,AAB229
med,high,3,more,small,high,acc,AAB230
med,high,3,more,med,low,unacc,AAB231
med,high,3,more,med,med,acc,AAB232
med,high,3,more,med,high,acc,AAB233
med,high,3,more,big,low,unacc,AAB234
med,high,3,more,big,med,acc,AAB235
med,high,3,more,big,high,acc,AAB236
med,high,4,2,small,low,unacc,AAB237
med,high,4,2,small,med,unacc,AAB238
med,high,4,2,small,high,unacc,AAB239
med,high,4,2,med,low,unacc,AAB240
med,high,4,2,med,med,unacc,AAB241
med,high,4,2,med,high,unacc,AAB242
med,high,4,2,big,low,unacc,AAB243
med,high,4,2,big,med,unacc,AAB244
med,high,4,2,big,high,unacc,AAB245
med,high,4,4,small,low,unacc,AAB246
med,high,4,4,small,med,unacc,AAB247
med,high,4,4,small,high,acc,AAB248
med,high,4,4,med,low,unacc,AAB249
med,high,4,4,med,med,acc,AAB250
med,high,4,4,med,high,acc,AAB251
med,high,4,4,big,low,unacc,AAB252
med,high,4,4,big,med,acc,AAB253
med,high,4,4,big,high,acc,AAB254
med,high,4,more,small,low,unacc,AAB255
med,high,4,more,small,med,unacc,AAB256
med,high,4,more,small,high,acc,AAB257
med,high,4,more,med,low,unacc,AAB258
med,high,4,more,med,med,acc,AAB259
med,high,4,more,med,high,acc,AAB260
med,high,4,more,big,low,unacc,AAB261
med,high,4,more,big,med,acc,AAB262
med,high,4,more,big,high,acc,AAB263
med,high,5more,2,small,low,unacc,AAB264
med,high,5more,2,small,med,unacc,AAB265
med,high,5more,2,small,high,unacc,AAB266
med,high,5more,2,med,low,unacc,AAB267
med,high,5more,2,med,med,unacc,AAB268
med,high,5more,2,med,high,unacc,AAB269
med,high,5more,2,big,low,unacc,AAB270
med,high,5more,2,big,med,unacc,AAB271
med,high,5more,2,big,high,unacc,AAB272
med,high,5more,4,small,low,unacc,AAB273
med,high,5more,4,small,med,unacc,AAB274
med,high,5more,4,small,high,acc,AAB275
med,high,5more,4,med,low,unacc,AAB276
med,high,5more,4,med,med,acc,AAB277
med,high,5more,4,med,high,acc,AAB278
med,high,5more,4,big,low,unacc,AAB279
med,high,5more,4,big,med,acc,AAB280
med,high,5more,4,big,high,acc,AAB281
med,high,5more,more,small,low,unacc,AAB282
med,high,5more,more,small,med,unacc,AAB283
med,high,5more,more,small,high,acc,AAB284
med,high,5more,more,med,low,unacc,AAB285
med,high,5more,more,med,med,acc,AAB286
med,high,5more,more,med,high,acc,AAB287
med,high,5more,more,big,low,unacc,AAB288
med,high,5more,more,big,med,acc,AAB289
med,high,5more,more,big,high,acc,AAB290
med,med,2,2,small,low,unacc,AAB291
med,med,2,2,small,med,unacc,AAB292
med,med,2,2,small,high,unacc,AAB293
med,med,2,2,med,low,unacc,AAB294
med,med,2,2,med,med,unacc,AAB295
med,med,2,2,med,high,unacc,AAB296
med,med,2,2,big,low,unacc,AAB297
med,med,2,2,big,med,unacc,AAB298
med,med,2,2,big,high,unacc,AAB299
med,med,2,4,small,low,unacc,AAB300
med,med,2,4,small,med,acc,AAB301
med,med,2,4,small,high,acc,AAB302
med,med,2,4,med,low,unacc,AAB303
med,med,2,4,med,med,acc,AAB304
med,med,2,4,med,high,acc,AAB305
med,med,2,4,big,low,unacc,AAB306
med,med,2,4,big,med,acc,AAB307
med,med,2,4,big,high,vgood,AAB308
med,med,2,more,small,low,unacc,AAB309
med,med,2,more,small,med,unacc,AAB310
med,med,2,more,small,high,unacc,AAB311
med,med,2,more,med,low,unacc,AAB312
med,med,2,more,med,med,acc,AAB313
med,med,2,more,med,high,acc,AAB314
med,med,2,more,big,low,unacc,AAB315
med,med,2,more,big,med,acc,AAB316
med,med,2,more,big,high,vgood,AAB317
med,med,3,2,small,low,unacc,AAB318
med,med,3,2,small,med,unacc,AAB319
med,med,3,2,small,high,unacc,AAB320
med,med,3,2,med,low,unacc,AAB321
med,med,3,2,med,med,unacc,AAB322
med,med,3,2,med,high,unacc,AAB323
med,med,3,2,big,low,unacc,AAB324
med,med,3,2,big,med,unacc,AAB325
med,med,3,2,big,high,unacc,AAB326
med,med,3,4,small,low,unacc,AAB327
med,med,3,4,small,med,acc,AAB328
med,med,3,4,small,high,acc,AAB329
med,med,3,4,med,low,unacc,AAB330
med,med,3,4,med,med,acc,AAB331
med,med,3,4,med,high,acc,AAB332
med,med,3,4,big,low,unacc,AAB333
med,med,3,4,big,med,acc,AAB334
med,med,3,4,big,high,vgood,AAB335
med,med,3,more,small,low,unacc,AAB336
med,med,3,more,small,med,acc,AAB337
med,med,3,more,small,high,acc,AAB338
med,med,3,more,med,low,unacc,AAB339
med,med,3,more,med,med,acc,AAB340
med,med,3,more,med,high,vgood,AAB341
med,med,3,more,big,low,unacc,AAB342
med,med,3,more,big,med,acc,AAB343
med,med,3,more,big,high,vgood,AAB344
med,med,4,2,small,low,unacc,AAB345
med,med,4,2,small,med,unacc,AAB346
med,med,4,2,small,high,unacc,AAB347
med,med,4,2,med,low,unacc,AAB348
med,med,4,2,med,med,unacc,AAB349
med,med,4,2,med,high,unacc,AAB350
med,med,4,2,big,low,unacc,AAB351
med,med,4,2,big,med,unacc,AAB352
med,med,4,2,big,high,unacc,AAB353
med,med,4,4,small,low,unacc,AAB354
med,med,4,4,small,med,acc,AAB355
med,med,4,4,small,high,acc,AAB356
med,med,4,4,med,low,unacc,AAB357
med,med,4,4,med,med,acc,AAB358
med,med,4,4,med,high,vgood,AAB359
med,med,4,4,big,low,unacc,AAB360
med,med,4,4,big,med,acc,AAB361
med,med,4,4,big,high,vgood,AAB362
med,med,4,more,small,low,unacc,AAB363
med,med,4,more,small,med,acc,AAB364
med,med,4,more,small,high,acc,AAB365
med,med,4,more,med,low,unacc,AAB366
med,med,4,more,med,med,acc,AAB367
med,med,4,more,med,high,vgood,AAB368
med,med,4,more,big,low,unacc,AAB369
med,med,4,more,big,med,acc,AAB370
med,med,4,more,big,high,vgood,AAB371
med,med,5more,2,small,low,unacc,AAB372
med,med,5more,2,small,med,unacc,AAB373
med,med,5more,2,small,high,unacc,AAB374
med,med,5more,2,med,low,unacc,AAB375
med,med,5more,2,med,med,unacc,AAB376
med,med,5more,2,med,high,unacc,AAB377
med,med,5more,2,big,low,unacc,AAB378
med,med,5more,2,big,med,unacc,AAB379
med,med,5more,2,big,high,unacc,AAB380
med,med,5more,4,small,low,unacc,AAB381
med,med,5more,4,small,med,acc,AAB382
med,med,5more,4,small,high,acc,AAB383
med,med,5more,4,med,low,unacc,AAB384
med,med,5more,4,med,med,acc,AAB385
med,med,5more,4,med,high,vgood,AAB386
med,med,5more,4,big,low,unacc,AAB387
med,med,5more,4,big,med,acc,AAB388
med,med,5more,4,big,high,vgood,AAB389
med,med,5more,more,small,low,unacc,AAB390
med,med,5more,more,small,med,acc,AAB391
med,med,5more,more,small,high,acc,AAB392
med,med,5more,more,med,low,unacc,AAB393
med,med,5more,more,med,med,acc,AAB394
med,med,5more,more,med,high,vgood,AAB395
med,med,5more,more,big,low,unacc,AAB396
med,med,5more,more,big,med,acc,AAB397
med,med,5more,more,big,high,vgood,AAB398
med,low,2,2,small,low,unacc,AAB399
med,low,2,2,small,med,unacc,AAB400
med,low,2,2,small,high,unacc,AAB401
med,low,2,2,med,low,unacc,AAB402
med,low,2,2,med,med,unacc,AAB403
med,low,2,2,med,high,unacc,AAB404
med,low,2,2,big,low,unacc,AAB405
med,low,2,2,big,med,unacc,AAB406
med,low,2,2,big,high,unacc,AAB407
med,low,2,4,small,low,unacc,AAB408
med,low,2,4,small,med,acc,AAB409
med,low,2,4,small,high,good,AAB410
med,low,2,4,med,low,unacc,AAB411
med,low,2,4,med,med,acc,AAB412
med,low,2,4,med,high,good,AAB413
med,low,2,4,big,low,unacc,AAB414
med,low,2,4,big,med,good,AAB415
med,low,2,4,big,high,vgood,AAB416
med,low,2,more,small,low,unacc,AAB417
med,low,2,more,small,med,unacc,AAB418
med,low,2,more,small,high,unacc,AAB419
med,low,2,more,med,low,unacc,AAB420
med,low,2,more,med,med,acc,AAB421
med,low,2,more,med,high,good,AAB422
med,low,2,more,big,low,unacc,AAB423
med,low,2,more,big,med,good,AAB424
med,low,2,more,big,high,vgood,AAB425
med,low,3,2,small,low,unacc,AAB426
med,low,3,2,small,med,unacc,AAB427
med,low,3,2,small,high,unacc,AAB428
med,low,3,2,med,low,unacc,AAB429
med,low,3,2,med,med,unacc,AAB430
med,low,3,2,med,high,unacc,AAB431
med,low,3,2,big,low,unacc,AAB432
med,low,3,2,big,med,unacc,AAB433
med,low,3,2,big,high,unacc,AAB434
med,low,3,4,small,low,unacc,AAB435
med,low,3,4,small,med,acc,AAB436
med,low,3,4,small,high,good,AAB437
med,low,3,4,med,low,unacc,AAB438
med,low,3,4,med,med,acc,AAB439
med,low,3,4,med,high,good,AAB440
med,low,3,4,big,low,unacc,AAB441
med,low,3,4,big,med,good,AAB442
med,low,3,4,big,high,vgood,AAB443
med,low,3,more,small,low,unacc,AAB444
med,low,3,more,small,med,acc,AAB445
med,low,3,more,small,high,good,AAB446
med,low,3,more,med,low,unacc,AAB447
med,low,3,more,med,med,good,AAB448
med,low,3,more,med,high,vgood,AAB449
med,low,3,more,big,low,unacc,AAB450
med,low,3,more,big,med,good,AAB451
med,low,3,more,big,high,vgood,AAB452
med,low,4,2,small,low,unacc,AAB453
med,low,4,2,small,med,unacc,AAB454
med,low,4,2,small,high,unacc,AAB455
med,low,4,2,med,low,unacc,AAB456
med,low,4,2,med,med,unacc,AAB457
med,low,4,2,med,high,unacc,AAB458
med,low,4,2,big,low,unacc,AAB459
med,low,4,2,big,med,unacc,AAB460
med,low,4,2,big,high,unacc,AAB461
med,low,4,4,small,low,unacc,AAB462
med,low,4,4,small,med,acc,AAB463
med,low,4,4,small,high,good,AAB464
med,low,4,4,med,low,unacc,AAB465
med,low,4,4,med,med,good,AAB466
med,low,4,4,med,high,vgood,AAB467
med,low,4,4,big,low,unacc,AAB468
med,low,4,4,big,med,good,AAB469
med,low,4,4,big,high,vgood,AAB470
med,low,4,more,small,low,unacc,AAB471
med,low,4,more,small,med,acc,AAB472
med,low,4,more,small,high,good,AAB473
med,low,4,more,med,low,unacc,AAB474
med,low,4,more,med,med,good,AAB475
med,low,4,more,med,high,vgood,AAB476
med,low,4,more,big,low,unacc,AAB477
med,low,4,more,big,med,good,AAB478
med,low,4,more,big,high,vgood,AAB479
med,low,5more,2,small,low,unacc,AAB480
med,low,5more,2,small,med,unacc,AAB481
med,low,5more,2,small,high,unacc,AAB482
med,low,5more,2,med,low,unacc,AAB483
med,low,5more,2,med,med,unacc,AAB484
med,low,5more,2,med,high,unacc,AAB485
med,low,5more,2,big,low,unacc,AAB486
med,low,5more,2,big,med,unacc,AAB487
med,low,5more,2,big,high,unacc,AAB488
med,low,5more,4,small,low,unacc,AAB489
med,low,5more,4,small,med,acc,AAB490
med,low,5more,4,small,high,good,AAB491
med,low,5more,4,med,low,unacc,AAB492
med,low,5more,4,med,med,good,AAB493
med,low,5more,4,med,high,vgood,AAB494
med,low,5more,4,big,low,unacc,AAB495
med,low,5more,4,big,med,good,AAB496
med,low,5more,4,big,high,vgood,AAB497
med,low,5more,more,small,low,unacc,AAB498
med,low,5more,more,small,med,acc,AAB499
med,low,5more,more,small,high,good,AAB500
med,low,5more,more,med,low,unacc,AAB501
med,low,5more,more,med,med,good,AAB502
med,low,5more,more,med,high,vgood,AAB503
med,low,5more,more,big,low,unacc,AAB504
med,low,5more,more,big,med,good,AAB505
med,low,5more,more,big,high,vgood,AAB506
low,vhigh,2,2,small,low,unacc,AAB507
low,vhigh,2,2,small,med,unacc,AAB508
low,vhigh,2,2,small,high,unacc,AAB509
low,vhigh,2,2,med,low,unacc,AAB510
low,vhigh,2,2,med,med,unacc,AAB511
low,vhigh,2,2,med,high,unacc,AAB512
low,vhigh,2,2,big,low,unacc,AAB513
low,vhigh,2,2,big,med,unacc,AAB514
low,vhigh,2,2,big,high,unacc,AAB515
low,vhigh,2,4,small,low,unacc,AAB516
low,vhigh,2,4,small,med,unacc,AAB517
low,vhigh,2,4,small,high,acc,AAB518
low,vhigh,2,4,med,low,unacc,AAB519
low,vhigh,2,4,med,med,unacc,AAB520
low,vhigh,2,4,med,high,acc,AAB521
low,vhigh,2,4,big,low,unacc,AAB522
low,vhigh,2,4,big,med,acc,AAB523
low,vhigh,2,4,big,high,acc,AAB524
low,vhigh,2,more,small,low,unacc,AAB525
low,vhigh,2,more,small,med,unacc,AAB526
low,vhigh,2,more,small,high,unacc,AAB527
low,vhigh,2,more,med,low,unacc,AAB528
low,vhigh,2,more,med,med,unacc,AAB529
low,vhigh,2,more,med,high,acc,AAB530
low,vhigh,2,more,big,low,unacc,AAB531
low,vhigh,2,more,big,med,acc,AAB532
low,vhigh,2,more,big,high,acc,AAB533
low,vhigh,3,2,small,low,unacc,AAB534
low,vhigh,3,2,small,med,unacc,AAB535
low,vhigh,3,2,small,high,unacc,AAB536
low,vhigh,3,2,med,low,unacc,AAB537
low,vhigh,3,2,med,med,unacc,AAB538
low,vhigh,3,2,med,high,unacc,AAB539
low,vhigh,3,2,big,low,unacc,AAB540
low,vhigh,3,2,big,med,unacc,AAB541
low,vhigh,3,2,big,high,unacc,AAB542
low,vhigh,3,4,small,low,unacc,AAB543
low,vhigh,3,4,small,med,unacc,AAB544
low,vhigh,3,4,small,high,acc,AAB545
low,vhigh,3,4,med,low,unacc,AAB546
low,vhigh,3,4,med,med,unacc,AAB547
low,vhigh,3,4,med,high,acc,AAB548
low,vhigh,3,4,big,low,unacc,AAB549
low,vhigh,3,4,big,med,acc,AAB550
low,vhigh,3,4,big,high,acc,AAB551
low,vhigh,3,more,small,low,unacc,AAB552
low,vhigh,3,more,small,med,unacc,AAB553
low,vhigh,3,more,small,high,acc,AAB554
low,vhigh,3,more,med,low,unacc,AAB555
low,vhigh,3,more,med,med,acc,AAB556
low,vhigh,3,more,med,high,acc,AAB557
low,vhigh,3,more,big,low,unacc,AAB558
low,vhigh,3,more,big,med,acc,AAB559
low,vhigh,3,more,big,high,acc,AAB560
low,vhigh,4,2,small,low,unacc,AAB561
low,vhigh,4,2,small,med,unacc,AAB562
low,vhigh,4,2,small,high,unacc,AAB563
low,vhigh,4,2,med,low,unacc,AAB564
low,vhigh,4,2,med,med,unacc,AAB565
low,vhigh,4,2,med,high,unacc,AAB566
low,vhigh,4,2,big,low,unacc,AAB567
low,vhigh,4,2,big,med,unacc,AAB568
low,vhigh,4,2,big,high,unacc,AAB569
low,vhigh,4,4,small,low,unacc,AAB570
low,vhigh,4,4,small,med,unacc,AAB571
low,vhigh,4,4,small,high,acc,AAB572
low,vhigh,4,4,med,low,unacc,AAB573
low,vhigh,4,4,med,med,acc,AAB574
low,vhigh,4,4,med,high,acc,AAB575
low,vhigh,4,4,big,low,unacc,AAB576
low,vhigh,4,4,big,med,acc,AAB577
low,vhigh,4,4,big,high,acc,AAB578
low,vhigh,4,more,small,low,unacc,AAB579
low,vhigh,4,more,small,med,unacc,AAB580
low,vhigh,4,more,small,high,acc,AAB581
low,vhigh,4,more,med,low,unacc,AAB582
low,vhigh,4,more,med,med,acc,AAB583
low,vhigh,4,more,med,high,acc,AAB584
low,vhigh,4,more,big,low,unacc,AAB585
low,vhigh,4,more,big,med,acc,AAB586
low,vhigh,4,more,big,high,acc,AAB587
low,vhigh,5more,2,small,low,unacc,AAB588
low,vhigh,5more,2,small,med,unacc,AAB589
low,vhigh,5more,2,small,high,unacc,AAB590
low,vhigh,5more,2,med,low,unacc,AAB591
low,vhigh,5more,2,med,med,unacc,AAB592
low,vhigh,5more,2,med,high,unacc,AAB593
low,vhigh,5more,2,big,low,unacc,AAB594
low,vhigh,5more,2,big,med,unacc,AAB595
low,vhigh,5more,2,big,high,unacc,AAB596
low,vhigh,5more,4,small,low,unacc,AAB597
low,vhigh,5more,4,small,med,unacc,AAB598
low,vhigh,5more,4,small,high,acc,AAB599
low,vhigh,5more,4,med,low,unacc,AAB600
low,vhigh,5more,4,med,med,acc,AAB601
low,vhigh,5more,4,med,high,acc,AAB602
low,vhigh,5more,4,big,low,unacc,AAB603
low,vhigh,5more,4,big,med,acc,AAB604
low,vhigh,5more,4,big,high,acc,AAB605
low,vhigh,5more,more,small,low,unacc,AAB606
low,vhigh,5more,more,small,med,unacc,AAB607
low,vhigh,5more,more,small,high,acc,AAB608
low,vhigh,5more,more,med,low,unacc,AAB609
low,vhigh,5more,more,med,med,acc,AAB610
low,vhigh,5more,more,med,high,acc,AAB611
low,vhigh,5more,more,big,low,unacc,AAB612
low,vhigh,5more,more,big,med,acc,AAB613
low,vhigh,5more,more,big,high,acc,AAB614
low,high,2,2,small,low,unacc,AAB615
low,high,2,2,small,med,unacc,AAB616
low,high,2,2,small,high,unacc,AAB617
low,high,2,2,med,low,unacc,AAB618
low,high,2,2,med,med,unacc,AAB619
low,high,2,2,med,high,unacc,AAB620
low,high,2,2,big,low,unacc,AAB621
low,high,2,2,big,med,unacc,AAB622
low,high,2,2,big,high,unacc,AAB623
low,high,2,4,small,low,unacc,AAB624
low,high,2,4,small,med,acc,AAB625
low,high,2,4,small,high,acc,AAB626
low,high,2,4,med,low,unacc,AAB627
low,high,2,4,med,med,acc,AAB628
low,high,2,4,med,high,acc,AAB629
low,high,2,4,big,low,unacc,AAB630
low,high,2,4,big,med,acc,AAB631
low,high,2,4,big,high,vgood,AAB632
low,high,2,more,small,low,unacc,AAB633
low,high,2,more,small,med,unacc,AAB634
low,high,2,more,small,high,unacc,AAB635
low,high,2,more,med,low,unacc,AAB636
low,high,2,more,med,med,acc,AAB637
low,high,2,more,med,high,acc,AAB638
low,high,2,more,big,low,unacc,AAB639
low,high,2,more,big,med,acc,AAB640
low,high,2,more,big,high,vgood,AAB641
low,high,3,2,small,low,unacc,AAB642
low,high,3,2,small,med,unacc,AAB643
low,high,3,2,small,high,unacc,AAB644
low,high,3,2,med,low,unacc,AAB645
low,high,3,2,med,med,unacc,AAB646
low,high,3,2,med,high,unacc,AAB647
low,high,3,2,big,low,unacc,AAB648
low,high,3,2,big,med,unacc,AAB649
low,high,3,2,big,high,unacc,AAB650
low,high,3,4,small,low,unacc,AAB651
low,high,3,4,small,med,acc,AAB652
low,high,3,4,small,high,acc,AAB653
low,high,3,4,med,low,unacc,AAB654
low,high,3,4,med,med,acc,AAB655
low,high,3,4,med,high,acc,AAB656
low,high,3,4,big,low,unacc,AAB657
low,high,3,4,big,med,acc,AAB658
low,high,3,4,big,high,vgood,AAB659
low,high,3,more,small,low,unacc,AAB660
low,high,3,more,small,med,acc,AAB661
low,high,3,more,small,high,acc,AAB662
low,high,3,more,med,low,unacc,AAB663
low,high,3,more,med,med,acc,AAB664
low,high,3,more,med,high,vgood,AAB665
low,high,3,more,big,low,unacc,AAB666
low,high,3,more,big,med,acc,AAB667
low,high,3,more,big,high,vgood,AAB668
low,high,4,2,small,low,unacc,AAB669
low,high,4,2,small,med,unacc,AAB670
low,high,4,2,small,high,unacc,AAB671
low,high,4,2,med,low,unacc,AAB672
low,high,4,2,med,med,unacc,AAB673
low,high,4,2,med,high,unacc,AAB674
low,high,4,2,big,low,unacc,AAB675
low,high,4,2,big,med,unacc,AAB676
low,high,4,2,big,high,unacc,AAB677
low,high,4,4,small,low,unacc,AAB678
low,high,4,4,small,med,acc,AAB679
low,high,4,4,small,high,acc,AAB680
low,high,4,4,med,low,unacc,AAB681
low,high,4,4,med,med,acc,AAB682
low,high,4,4,med,high,vgood,AAB683
low,high,4,4,big,low,unacc,AAB684
low,high,4,4,big,med,acc,AAB685
low,high,4,4,big,high,vgood,AAB686
low,high,4,more,small,low,unacc,AAB687
low,high,4,more,small,med,acc,AAB688
low,high,4,more,small,high,acc,AAB689
low,high,4,more,med,low,unacc,AAB690
low,high,4,more,med,med,acc,AAB691
low,high,4,more,med,high,vgood,AAB692
low,high,4,more,big,low,unacc,AAB693
low,high,4,more,big,med,acc,AAB694
low,high,4,more,big,high,vgood,AAB695
low,high,5more,2,small,low,unacc,AAB696
low,high,5more,2,small,med,unacc,AAB697
low,high,5more,2,small,high,unacc,AAB698
low,high,5more,2,med,low,unacc,AAB699
low,high,5more,2,med,med,unacc,AAB700
low,high,5more,2,med,high,unacc,AAB701
low,high,5more,2,big,low,unacc,AAB702
low,high,5more,2,big,med,unacc,AAB703
low,high,5more,2,big,high,unacc,AAB704
low,high,5more,4,small,low,unacc,AAB705
low,high,5more,4,small,med,acc,AAB706
low,high,5more,4,small,high,acc,AAB707
low,high,5more,4,med,low,unacc,AAB708
low,high,5more,4,med,med,acc,AAB709
low,high,5more,4,med,high,vgood,AAB710
low,high,5more,4,big,low,unacc,AAB711
low,high,5more,4,big,med,acc,AAB712
low,high,5more,4,big,high,vgood,AAB713
low,high,5more,more,small,low,unacc,AAB714
low,high,5more,more,small,med,acc,AAB715
low,high,5more,more,small,high,acc,AAB716
low,high,5more,more,med,low,unacc,AAB717
low,high,5more,more,med,med,acc,AAB718
low,high,5more,more,med,high,vgood,AAB719
low,high,5more,more,big,low,unacc,AAB720
low,high,5more,more,big,med,acc,AAB721
low,high,5more,more,big,high,vgood,AAB722
low,med,2,2,small,low,unacc,AAB723
low,med,2,2,small,med,unacc,AAB724
low,med,2,2,small,high,unacc,AAB725
low,med,2,2,med,low,unacc,AAB726
low,med,2,2,med,med,unacc,AAB727
low,med,2,2,med,high,unacc,AAB728
low,med,2,2,big,low,unacc,AAB729
low,med,2,2,big,med,unacc,AAB730
low,med,2,2,big,high,unacc,AAB731
low,med,2,4,small,low,unacc,AAB732
low,med,2,4,small,med,acc,AAB733
low,med,2,4,small,high,good,AAB734
low,med,2,4,med,low,unacc,AAB735
low,med,2,4,med,med,acc,AAB736
low,med,2,4,med,high,good,AAB737
low,med,2,4,big,low,unacc,AAB738
low,med,2,4,big,med,good,AAB739
low,med,2,4,big,high,vgood,AAB740
low,med,2,more,small,low,unacc,AAB741
low,med,2,more,small,med,unacc,AAB742
low,med,2,more,small,high,unacc,AAB743
low,med,2,more,med,low,unacc,AAB744
low,med,2,more,med,med,acc,AAB745
low,med,2,more,med,high,good,AAB746
low,med,2,more,big,low,unacc,AAB747
low,med,2,more,big,med,good,AAB748
low,med,2,more,big,high,vgood,AAB749
low,med,3,2,small,low,unacc,AAB750
low,med,3,2,small,med,unacc,AAB751
low,med,3,2,small,high,unacc,AAB752
low,med,3,2,med,low,unacc,AAB753
low,med,3,2,med,med,unacc,AAB754
low,med,3,2,med,high,unacc,AAB755
low,med,3,2,big,low,unacc,AAB756
low,med,3,2,big,med,unacc,AAB757
low,med,3,2,big,high,unacc,AAB758
low,med,3,4,small,low,unacc,AAB759
low,med,3,4,small,med,acc,AAB760
low,med,3,4,small,high,good,AAB761
low,med,3,4,med,low,unacc,AAB762
low,med,3,4,med,med,acc,AAB763
low,med,3,4,med,high,good,AAB764
low,med,3,4,big,low,unacc,AAB765
low,med,3,4,big,med,good,AAB766
low,med,3,4,big,high,vgood,AAB767
low,med,3,more,small,low,unacc,AAB768
low,med,3,more,small,med,acc,AAB769
low,med,3,more,small,high,good,AAB770
low,med,3,more,med,low,unacc,AAB771
low,med,3,more,med,med,good,AAB772
low,med,3,more,med,high,vgood,AAB773
low,med,3,more,big,low,unacc,AAB774
low,med,3,more,big,med,good,AAB775
low,med,3,more,big,high,vgood,AAB776
low,med,4,2,small,low,unacc,AAB777
low,med,4,2,small,med,unacc,AAB778
low,med,4,2,small,high,unacc,AAB779
low,med,4,2,med,low,unacc,AAB780
low,med,4,2,med,med,unacc,AAB781
low,med,4,2,med,high,unacc,AAB782
low,med,4,2,big,low,unacc,AAB783
low,med,4,2,big,med,unacc,AAB784
low,med,4,2,big,high,unacc,AAB785
low,med,4,4,small,low,unacc,AAB786
low,med,4,4,small,med,acc,AAB787
low,med,4,4,small,high,good,AAB788
low,med,4,4,med,low,unacc,AAB789
low,med,4,4,med,med,good,AAB790
low,med,4,4,med,high,vgood,AAB791
low,med,4,4,big,low,unacc,AAB792
low,med,4,4,big,med,good,AAB793
low,med,4,4,big,high,vgood,AAB794
low,med,4,more,small,low,unacc,AAB795
low,med,4,more,small,med,acc,AAB796
low,med,4,more,small,high,good,AAB797
low,med,4,more,med,low,unacc,AAB798
low,med,4,more,med,med,good,AAB799
low,med,4,more,med,high,vgood,AAB800
low,med,4,more,big,low,unacc,AAB801
low,med,4,more,big,med,good,AAB802
low,med,4,more,big,high,vgood,AAB803
low,med,5more,2,small,low,unacc,AAB804
low,med,5more,2,small,med,unacc,AAB805
low,med,5more,2,small,high,unacc,AAB806
low,med,5more,2,med,low,unacc,AAB807
low,med,5more,2,med,med,unacc,AAB808
low,med,5more,2,med,high,unacc,AAB809
low,med,5more,2,big,low,unacc,AAB810
low,med,5more,2,big,med,unacc,AAB811
low,med,5more,2,big,high,unacc,AAB812
low,med,5more,4,small,low,unacc,AAB813
low,med,5more,4,small,med,acc,AAB814
low,med,5more,4,small,high,good,AAB815
low,med,5more,4,med,low,unacc,AAB816
low,med,5more,4,med,med,good,AAB817
low,med,5more,4,med,high,vgood,AAB818
low,med,5more,4,big,low,unacc,AAB819
low,med,5more,4,big,med,good,AAB820
low,med,5more,4,big,high,vgood,AAB821
low,med,5more,more,small,low,unacc,AAB822
low,med,5more,more,small,med,acc,AAB823
low,med,5more,more,small,high,good,AAB824
low,med,5more,more,med,low,unacc,AAB825
low,med,5more,more,med,med,good,AAB826
low,med,5more,more,med,high,vgood,AAB827
low,med,5more,more,big,low,unacc,AAB828
low,med,5more,more,big,med,good,AAB829
low,med,5more,more,big,high,vgood,AAB830
low,low,2,2,small,low,unacc,AAB831
low,low,2,2,small,med,unacc,AAB832
low,low,2,2,small,high,unacc,AAB833
low,low,2,2,med,low,unacc,AAB834
low,low,2,2,med,med,unacc,AAB835
low,low,2,2,med,high,unacc,AAB836
low,low,2,2,big,low,unacc,AAB837
low,low,2,2,big,med,unacc,AAB838
low,low,2,2,big,high,unacc,AAB839
low,low,2,4,small,low,unacc,AAB840
low,low,2,4,small,med,acc,AAB841
low,low,2,4,small,high,good,AAB842
low,low,2,4,med,low,unacc,AAB843
low,low,2,4,med,med,acc,AAB844
low,low,2,4,med,high,good,AAB845
low,low,2,4,big,low,unacc,AAB846
low,low,2,4,big,med,good,AAB847
low,low,2,4,big,high,vgood,AAB848
low,low,2,more,small,low,unacc,AAB849
low,low,2,more,small,med,unacc,AAB850
low,low,2,more,small,high,unacc,AAB851
low,low,2,more,med,low,unacc,AAB852
low,low,2,more,med,med,acc,AAB853
low,low,2,more,med,high,good,AAB854
low,low,2,more,big,low,unacc,AAB855
low,low,2,more,big,med,good,AAB856
low,low,2,more,big,high,vgood,AAB857
low,low,3,2,small,low,unacc,AAB858
low,low,3,2,small,med,unacc,AAB859
low,low,3,2,small,high,unacc,AAB860
low,low,3,2,med,low,unacc,AAB861
low,low,3,2,med,med,unacc,AAB862
low,low,3,2,med,high,unacc,AAB863
low,low,3,2,big,low,unacc,AAB864
low,low,3,2,big,med,unacc,AAB865
low,low,3,2,big,high,unacc,AAB866
low,low,3,4,small,low,unacc,AAB867
low,low,3,4,small,med,acc,AAB868
low,low,3,4,small,high,good,AAB869
low,low,3,4,med,low,unacc,AAB870
low,low,3,4,med,med,acc,AAB871
low,low,3,4,med,high,good,AAB872
low,low,3,4,big,low,unacc,AAB873
low,low,3,4,big,med,good,AAB874
low,low,3,4,big,high,vgood,AAB875
low,low,3,more,small,low,unacc,AAB876
low,low,3,more,small,med,acc,AAB877
low,low,3,more,small,high,good,AAB878
low,low,3,more,med,low,unacc,AAB879
low,low,3,more,med,med,good,AAB880
low,low,3,more,med,high,vgood,AAB881
low,low,3,more,big,low,unacc,AAB882
low,low,3,more,big,med,good,AAB883
low,low,3,more,big,high,vgood,AAB884
low,low,4,2,small,low,unacc,AAB885
low,low,4,2,small,med,unacc,AAB886
low,low,4,2,small,high,unacc,AAB887
low,low,4,2,med,low,unacc,AAB888
low,low,4,2,med,med,unacc,AAB889
low,low,4,2,med,high,unacc,AAB890
low,low,4,2,big,low,unacc,AAB891
low,low,4,2,big,med,unacc,AAB892
low,low,4,2,big,high,unacc,AAB893
low,low,4,4,small,low,unacc,AAB894
low,low,4,4,small,med,acc,AAB895
low,low,4,4,small,high,good,AAB896
low,low,4,4,med,low,unacc,AAB897
low,low,4,4,med,med,good,AAB898
low,low,4,4,med,high,vgood,AAB899
low,low,4,4,big,low,unacc,AAB900
low,low,4,4,big,med,good,AAB901
low,low,4,4,big,high,vgood,AAB902
low,low,4,more,small,low,unacc,AAB903
low,low,4,more,small,med,acc,AAB904
low,low,4,more,small,high,good,AAB905
low,low,4,more,med,low,unacc,AAB906
low,low,4,more,med,med,good,AAB907
low,low,4,more,med,high,vgood,AAB908
low,low,4,more,big,low,unacc,AAB909
low,low,4,more,big,med,good,AAB910
low,low,4,more,big,high,vgood,AAB911
low,low,5more,2,small,low,unacc,AAB912
low,low,5more,2,small,med,unacc,AAB913
low,low,5more,2,small,high,unacc,AAB914
low,low,5more,2,med,low,unacc,AAB915
low,low,5more,2,med,med,unacc,AAB916
low,low,5more,2,med,high,unacc,AAB917
low,low,5more,2,big,low,unacc,AAB918
low,low,5more,2,big,med,unacc,AAB919
low,low,5more,2,big,high,unacc,AAB920
low,low,5more,4,small,low,unacc,AAB921
low,low,5more,4,small,med,acc,AAB922
low,low,5more,4,small,high,good,AAB923
low,low,5more,4,med,low,unacc,AAB924
low,low,5more,4,med,med,good,AAB925
low,low,5more,4,med,high,vgood,AAB926
low,low,5more,4,big,low,unacc,AAB927
low,low,5more,4,big,med,good,AAB928
low,low,5more,4,big,high,vgood,AAB929
low,low,5more,more,small,low,unacc,AAB930
low,low,5more,more,small,med,acc,AAB931
low,low,5more,more,small,high,good,AAB932
low,low,5more,more,med,low,unacc,AAB933
low,low,5more,more,med,med,good,AAB934
low,low,5more,more,med,high,vgood,AAB935
low,low,5more,more,big,low,unacc,AAB936
low,low,5more,more,big,med,good,AAB937
low,low,5more,more,big,high,vgood,AAB938
